<?xml version="1.0" encoding="UTF-8"?>

<!--
  ~ Hibernate, Relational Persistence for Idiomatic Java
  ~
  ~ Copyright (c) 2007, Red Hat Middleware LLC or third-party contributors as
  ~ indicated by the @author tags or express copyright attribution
  ~ statements applied by the authors.  All third-party contributions are
  ~ distributed under license by Red Hat Middleware LLC.
  ~
  ~ This copyrighted material is made available to anyone wishing to use, modify,
  ~ copy, or redistribute it subject to the terms and conditions of the GNU
  ~ Lesser General Public License, as published by the Free Software Foundation.
  ~
  ~ This program is distributed in the hope that it will be useful,
  ~ but WITHOUT ANY WARRANTY; without even the implied warranty of MERCHANTABILITY
  ~ or FITNESS FOR A PARTICULAR PURPOSE.  See the GNU Lesser General Public License
  ~ for more details.
  ~
  ~ You should have received a copy of the GNU Lesser General Public License
  ~ along with this distribution; if not, write to:
  ~ Free Software Foundation, Inc.
  ~ 51 Franklin Street, Fifth Floor
  ~ Boston, MA  02110-1301  USA
  -->

<assembly xmlns="http://maven.apache.org/plugins/maven-assembly-plugin/assembly/1.1.0"
          xmlns:xsi="http://www.w3.org/2001/XMLSchema-instance"
          xsi:schemaLocation="http://maven.apache.org/plugins/maven-assembly-plugin/assembly/1.1.0 http://maven.apache.org/xsd/assembly-1.1.0.xsd">

    <!--
        Produces a dist-style bundle similar to what previous (non-mavenized) versions of
        Hibernate did.
    -->

    <!-- todo : still need to account for overall site stuff -->

    <id>dist</id>
    <formats>
        <format>zip</format>
        <format>tar.gz</format>
    </formats>

    <includeBaseDirectory>true</includeBaseDirectory>

    <files>
        <file>
            <source>../lgpl.txt</source>
        </file>
        <file>
            <source>../hibernate_logo.gif</source>
        </file>
        <file>
            <!-- todo : this should eventually become the release-notes bawany is working on -->
            <source>../changelog.txt</source>
        </file>
        <file>
            <source>target/${project.artifactId}-${project.version}-all.jar</source>
            <destName>hibernate3.jar</destName>
        </file>
        <file>
            <source>../testing/target/hibernate-testing-${project.version}.jar</source>
            <destName>hibernate-testing.jar</destName>
        </file>
    </files>

    <dependencySets>
        <dependencySet>
            <!-- The normal required dependencySet -->
            <outputDirectory>lib/required</outputDirectory>
            <includes>
                <include>antlr:antlr</include>

                <include>commons-collections:commons-collections</include>

                <include>dom4j:dom4j</include>

                <include>javassist:javassist</include>

                <include>org.slf4j:slf4j-api</include>
            </includes>
        </dependencySet>

        <dependencySet>
            <!-- The required dependencySet for jta so I can rename it... -->
            <outputDirectory>lib/required</outputDirectory>
            <includes>
                <include>org.jboss.javaee:jboss-transaction-api</include>
            </includes>
            <outputFileNameMapping>jta-1.1.jar</outputFileNameMapping>
        </dependencySet>

        <dependencySet>
            <!-- The lib/jpa dependencySet -->
            <outputDirectory>lib/jpa</outputDirectory>
            <includes>
                <include>org.hibernate.javax.persistence:hibernate-jpa-2.0-api</include>
            </includes>
        </dependencySet>

        <dependencySet>
            <outputDirectory>lib/optional/c3p0</outputDirectory>
            <includes>
                <include>c3p0:c3p0</include>
            </includes>
        </dependencySet>

        <dependencySet>
            <outputDirectory>lib/optional/proxool</outputDirectory>
            <includes>
                <include>proxool:proxool</include>
            </includes>
        </dependencySet>

        <dependencySet>
            <outputDirectory>lib/optional/ehcache</outputDirectory>
            <includes>
                <include>net.sf.ehcache:ehcache</include>
            </includes>
        </dependencySet>

        <dependencySet>
            <outputDirectory>lib/optional/jbosscache</outputDirectory>
            <includes>
                <include>org.jboss.cache:jbosscache-core</include>
            </includes>
        </dependencySet>

        <dependencySet>
            <outputDirectory>lib/optional/infinispan</outputDirectory>
            <includes>
                <include>org.infinispan:infinispan-core</include>
            </includes>
        </dependencySet>

        <dependencySet>
            <outputDirectory>lib/optional/oscache</outputDirectory>
            <includes>
                <include>opensymphony:oscache</include>
            </includes>
        </dependencySet>

        <dependencySet>
            <outputDirectory>lib/optional/swarmcache</outputDirectory>
            <includes>
                <include>swarmcache:swarmcache</include>
            </includes>
        </dependencySet>

        <dependencySet>
            <outputDirectory>lib/bytecode/cglib</outputDirectory>
            <includes>
                <include>cglib:cglib</include>
            </includes>
        </dependencySet>

        <dependencySet>
            <outputDirectory>lib/bytecode/javassist</outputDirectory>
            <includes>
                <include>javassist:javassist</include>
            </includes>
        </dependencySet>
    </dependencySets>

    <fileSets>
        <!--
            Build the 'project' directory which includes the project sources
        -->
        <fileSet>
            <directory>..</directory>
            <useDefaultExcludes>true</useDefaultExcludes>
            <outputDirectory>project</outputDirectory>
            <excludes>
                <exclude>**/target/**</exclude>
                <exclude>**/*.ipr</exclude>
                <exclude>**/*.iml</exclude>
                <exclude>**/*.iws</exclude>
            </excludes>
        </fileSet>
        <!--
            Build the 'documentation/manual' directory containing the built
            reference manual documentation
        -->
        <fileSet>
            <directory>../documentation/manual/target/docbook/publish/</directory>
            <outputDirectory>documentation/manual</outputDirectory>
            <includes>
                <include>**/**</include>
            </includes>
        </fileSet>
        <!--
            Build the 'documentation/jbosscache-guide' directory containing the built
            reference manual documentation
        -->
        <fileSet>
            <directory>../documentation/jbosscache2/target/docbook/publish/</directory>
            <outputDirectory>documentation/jbosscache-guide</outputDirectory>
            <includes>
                <include>**/**</include>
            </includes>
        </fileSet>
        <!--
            Build the 'documentation/javadocs' directory containing the aggregated javadocs
        -->
        <fileSet>
            <directory>target/javadocs/</directory>
            <outputDirectory>documentation/javadocs</outputDirectory>
            <includes>
                <include>**/**</include>
            </includes>
        </fileSet>
    </fileSets>

</assembly>