<?xml version="1.0" encoding="UTF-8"?>

<!--
  ~ Hibernate, Relational Persistence for Idiomatic Java
  ~
  ~ Copyright (c) 2008, Red Hat Middleware LLC or third-party contributors as
  ~ indicated by the @author tags or express copyright attribution
  ~ statements applied by the authors.  All third-party contributions are
  ~ distributed under license by Red Hat Middleware LLC.
  ~
  ~ This copyrighted material is made available to anyone wishing to use, modify,
  ~ copy, or redistribute it subject to the terms and conditions of the GNU
  ~ Lesser General Public License, as published by the Free Software Foundation.
  ~
  ~ This program is distributed in the hope that it will be useful,
  ~ but WITHOUT ANY WARRANTY; without even the implied warranty of MERCHANTABILITY
  ~ or FITNESS FOR A PARTICULAR PURPOSE.  See the GNU Lesser General Public License
  ~ for more details.
  ~
  ~ You should have received a copy of the GNU Lesser General Public License
  ~ along with this distribution; if not, write to:
  ~ Free Software Foundation, Inc.
  ~ 51 Franklin Street, Fifth Floor
  ~ Boston, MA  02110-1301  USA
  ~
  -->

<assembly xmlns="http://maven.apache.org/plugins/maven-assembly-plugin/assembly/1.1.0"
          xmlns:xsi="http://www.w3.org/2001/XMLSchema-instance"
          xsi:schemaLocation="http://maven.apache.org/plugins/maven-assembly-plugin/assembly/1.1.0 http://maven.apache.org/xsd/assembly-1.1.0.xsd">

    <!--
        Take the 'core' resoures and build a jar, ala the legacy hibernate3.jar
    -->
    <id>all</id>
    <formats>
        <format>jar</format>
    </formats>

    <includeBaseDirectory>false</includeBaseDirectory>
    <baseDirectory>hibernate-all</baseDirectory>

    <dependencySets>
        <dependencySet>
            <unpack>true</unpack>
            <includes>
                <include>org.hibernate:*</include>
            </includes>
            <excludes>
                <exclude>org.hibernate:hibernate-tools:*</exclude>
                <exclude>org.hibernate:jtidy:*</exclude>
            </excludes>
        </dependencySet>
    </dependencySets>

</assembly>